Child's name,Full name,Practice Area,GIC Industry,GIC Industry Group,COP26 Net Zero Chapter,F - Corp Gov,F - Contract Emissions,F - Organisation emissions,F - Reporting & Disclosures,F - Corporate Mechanisms,"F - Incentives, Enforcement, Disputes",F - Other environmental function,F - Pre-contract,F - Just Transition,F - Resilience & Adaptation,F - Biodiversity
Aatmay's Clause,Sustainable and Circular Economy Principles in Leasing Arrangements for Repairs and Alterations,"""Buildings & Land (including Property, Construction, Environment & Planning)""","Real Estate,Materials","Real Estate,Materials ","""Human Settlements, Buildings and Infrastructure""",Employee training,Obligation to reduce contract emissions,"Reducing organisation emissions,Organisational net zero target/ carbon neutral status,Net Zero Transition Plan,Carbon Budget,Commitment to specific standards/ targets,Interim targets/ continuous reduction of organisational emissions,Offsetting ",Third party verification,,,"Reducing travel,Circular economy,Energy efficiency,Water conservation",,Problematic,,
Agatha's Clause,Termination for Greener Supplier,"Commercial,Supply Chains",Universal,Universal,Law & Legal Structures ,,Obligation to reduce contract emissions,Commitment to specific standards/ targets,"Report on contract emissions,""Report to contract parties or related third parties (investors, shareholders, insurers) "",""Measuring, reducing, reporting Scope 2 emissions "",""Measuring, reducing, reporting Scope 3 emissions """,,"Termination right,Dispute resolution frameworks and processes",,,Problematic,,
Aiden's Clause,Fuel Reporting for Shipping Charterparties,"""Heavy Industry (including Energy, Infrastructure & Transport)""","Energy ,Industrials","Energy ,Transportation ","Transport,Oceans and Coastal Zones",,,"Reducing organisation emissions,Organisational net zero target/ carbon neutral status,Net Zero Transition Plan,Carbon Budget,Commitment to specific standards/ targets,Interim targets/ continuous reduction of organisational emissions,Offsetting ","""Report to contract parties or related third parties (investors, shareholders, insurers) "",""Other reporting obligations (regulatory, trade practice)"",Third party verification",,Disincentive,,,,,
Alex’s Clause,Circular Economy Product Design Obligation,"Commercial,""IP, IT, TMT, Life Sciences, Data Protection & Information Law"",Supply Chains","Energy ,Industrials,Consumer Discretionary,Consumer Staples,Healthcare,Information Technology,Utilities,Materials","Energy ,Materials ,Capital Goods,Transportation ,Automobiles & Components ,Consumer Durables & Apparel,Retailing ,Food Staples Retailing ,""Food, Beverages & Tobacco"",Household & Personal Products,Healthcare Equipment & Services,""Pharmaceuticals, Biotechnology & Life Sciences "",Software & Services,Technology Hardware & Equipment,Semiconductors & Semiconductor Equipment,Utilities,Universal","""Industry (including Heavy Industry, Retail & FMCG, ICT & Media)"",Law & Legal Structures ",,"Back to back obligations through supply chain,Obligation to reduce contract emissions,Interim targets/ continuous reduction of contract emissions ","Reducing organisation emissions,Organisational net zero target/ carbon neutral status,Net Zero Transition Plan,Carbon Budget,Commitment to specific standards/ targets,Interim targets/ continuous reduction of organisational emissions,Offsetting ","Report on contract emissions,""Report to contract parties or related third parties (investors, shareholders, insurers) "",""Measuring, reducing, reporting Scope 1 emissions"",""Measuring, reducing, reporting Scope 2 emissions "",""Measuring, reducing, reporting Scope 3 emissions "",Third party verification",,"Termination right,Incentive",Circular economy,,Problematic,,
Alexandros' Clause,Net Zero Sponsor Activation Clause ,,,,,"Sustainability policy,Employee training",,"Reducing organisation emissions,Organisational net zero target/ carbon neutral status,Net Zero Transition Plan,Carbon Budget,Commitment to specific standards/ targets,Interim targets/ continuous reduction of organisational emissions,Offsetting ","""Other reporting obligations (regulatory, trade practice)"",Third party verification",,"Termination right,Incentive,Disincentive",Renewable energy/ fuels,Getting climate on the table / into contract terms,,,
Alice’s Clause,Reduction of CO2 from Single Use Plastic,"Commercial,Public Sector (including Public Law & Local Government),Supply Chains","Industrials,Materials","Materials ,Capital Goods","Law & Legal Structures ,""Industry (including Heavy Industry, Retail & FMCG, ICT & Media)""",,"Obligation to reduce contract emissions,Interim targets/ continuous reduction of contract emissions ",Commitment to specific standards/ targets,"Report on contract emissions,""Report to contract parties or related third parties (investors, shareholders, insurers) """,,Disincentive,Single use plastic,,Problematic,,
Anna's Clause,Climate Related Disclosure in Loans,"""Finance, Financial Services & Capital Markets""",Financials ,Diversified Financials ,"""Finance, Accounting & Tax""",Climate governance and compliance processes ,,"Reducing organisation emissions,Commitment to specific standards/ targets","Report on organisation emissions,""Other reporting obligations (regulatory, trade practice)"",Reporting/ disclosing climate-related risks,Report on climate governance and compliance processes",,,"Circular economy,Water conservation","Getting climate on the table / into contract terms,Due Diligence ",,Yes,Yes
Annie's Clause,Carbon Termination (Short Form),"Commercial,Supply Chains",Universal,Universal,Law & Legal Structures ,,"Back to back obligations through supply chain,Obligation to reduce contract emissions",,"Report on contract emissions,""Report to contract parties or related third parties (investors, shareholders, insurers) "",""Measuring, reducing, reporting Scope 2 emissions "",""Measuring, reducing, reporting Scope 3 emissions """,,Termination right,,,Problematic,,
Archie’s Clause,Insurance Premium Adjustment for D&O Climate-related Financial Disclosures,Insurance,Financials ,Insurance,"""Finance, Accounting & Tax"",Resilience (Mitigation & Adaptation) ","Directors' obligations/ duties,Climate governance and compliance processes ",,"Reducing organisation emissions,Commitment to specific standards/ targets,Offsetting ","""Report to contract parties or related third parties (investors, shareholders, insurers) "",""Other reporting obligations (regulatory, trade practice)"",Reporting/ disclosing climate-related risks,Report on climate governance and compliance processes,Third party verification",,Incentive,,Getting climate on the table / into contract terms,,Yes,
Ariel's Clause,Cost-Sharing of Fuel Efficiency Investments in Time Chartered Vessels,"""Heavy Industry (including Energy, Infrastructure & Transport)""","Energy ,Industrials","Energy ,Transportation ","Transport,Oceans and Coastal Zones",,Back to back obligations through supply chain,,"""Report to contract parties or related third parties (investors, shareholders, insurers) """,,Incentive,,,,,
Arlo’s Clause,ESG Aligned Company Articles,Corporate ,Universal,Universal,Law & Legal Structures ,"Objects / Purpose,Directors' obligations/ duties,Climate governance and compliance processes ",,Reducing organisation emissions,,,,,Getting climate on the table / into contract terms,Supports,,Yes
Ashkan's Clause,Sustainable On Site Working Practices,"""Buildings & Land (including Property, Construction, Environment & Planning)""",Industrials,Capital Goods,"""Human Settlements, Buildings and Infrastructure""",,Obligation to reduce contract emissions,,"Report on contract emissions,""Measuring, reducing, reporting Scope 1 emissions"",""Measuring, reducing, reporting Scope 2 emissions "",""Measuring, reducing, reporting Scope 3 emissions """,,Dispute resolution frameworks and processes,"Single use plastic,Reducing travel,Circular economy,Energy efficiency,Water conservation",,Supports,,
Athena's Clause,Employee Climate Engagement Provisions,"Employment (including Share Schemes & Incentives & Pensions),Commercial,Supply Chains","Universal,Industrials","Universal,Commercial & Professional Services","People,Law & Legal Structures ","Sustainability policy,Climate governance and compliance processes ,Employee training","Back to back obligations through supply chain,Obligation to reduce contract emissions","Reducing organisation emissions,Offsetting ","Report on contract emissions,Report on organisation emissions,""Report to contract parties or related third parties (investors, shareholders, insurers) "",Third party verification",,Termination right,"Reducing travel,Renewable energy/ fuels",Getting climate on the table / into contract terms,"Supports,Problematic",,
Austen’s Clause, Sustainability Clauses in Supply Chain Contracts,"Commercial,Supply Chains",Universal,Universal,Law & Legal Structures ,"Sustainability policy,Climate governance and compliance processes ",Back to back obligations through supply chain,"Reducing organisation emissions,Commitment to specific standards/ targets","""Measuring, reducing, reporting Scope 3 emissions "",Report on climate governance and compliance processes",,"Termination right,Dispute resolution frameworks and processes",,Getting climate on the table / into contract terms,Problematic,,
Ava's clause,Green Shareholders' Agreement (Short Form for SMEs),,,,,"Objects / Purpose,Shareholder/ Investor Commitments,Shareholder/ Investor consent for green decisions,Climate governance and compliance processes ",,"Organisational net zero target/ carbon neutral status,Net Zero Transition Plan,Interim targets/ continuous reduction of organisational emissions,Offsetting ",Third party verification,,,,,,,
Ayshe's Clause,"Transparent Sourcing of Greener, Fairer Renewable Energy","""Buildings & Land (including Property, Construction, Environment & Planning)"",Commercial,Corporate ,Public Sector (including Public Law & Local Government),Supply Chains","Energy ,Materials,Industrials,Utilities","Energy ,Materials ,Capital Goods,Utilities",Energy,,,Commitment to specific standards/ targets,"""Report to contract parties or related third parties (investors, shareholders, insurers) "",""Measuring, reducing, reporting Scope 1 emissions"",""Measuring, reducing, reporting Scope 2 emissions "",""Measuring, reducing, reporting Scope 3 emissions """,,"Termination right,Dispute resolution frameworks and processes","Food waste/ waste generally,Circular economy,Renewable energy/ fuels",,Supports,,Yes
Bailey's Clause,Extended Drafting for Sustainability-Linked Facilities,"""Finance, Financial Services & Capital Markets""",Financials ,Diversified Financials ,"""Finance, Accounting & Tax""","Sustainability policy,Employee training",,"Reducing organisation emissions,Interim targets/ continuous reduction of organisational emissions,Offsetting ","""Report to contract parties or related third parties (investors, shareholders, insurers) "",""Other reporting obligations (regulatory, trade practice)"",Third party verification",,"Incentive,Disincentive","Circular economy,Energy efficiency,Water conservation",,,,Yes
Beatriz's Sustainability Linked Schedules,Sustainability Linked Facilities - Extended Drafting,,,,,"Sustainability policy,Employee training",,"Reducing organisation emissions,Interim targets/ continuous reduction of organisational emissions,Offsetting ",,,,,,,,
Bella’s Clause,Management Equity Ratchet Terms ,"""Finance, Financial Services & Capital Markets"",Corporate ,Employment (including Share Schemes & Incentives & Pensions)","Financials ,Industrials","Diversified Financials ,Commercial & Professional Services","Law & Legal Structures ,""Finance, Accounting & Tax""","Directors' obligations/ duties,Climate governance and compliance processes ",,"Reducing organisation emissions,Organisational net zero target/ carbon neutral status,Commitment to specific standards/ targets,Offsetting ","""Measuring, reducing, reporting Scope 1 emissions"",""Measuring, reducing, reporting Scope 2 emissions "",""Measuring, reducing, reporting Scope 3 emissions """,,,Renewable energy/ fuels,,,,
Benjamin's Licence,Climate Solutions IPR Licence,"""IP, IT, TMT, Life Sciences, Data Protection & Information Law""",Universal,Universal,"""Industry (including Heavy Industry, Retail & FMCG, ICT & Media)""",,,,,Donation to environmental causes,,,,Supports,Yes,
Bradleigh's Clause,Maximising the Laden Ratio of Vessels in Shipping Charterparties,"""Heavy Industry (including Energy, Infrastructure & Transport)""",Industrials,Transportation ,"Transport,Oceans and Coastal Zones",,Obligation to reduce contract emissions,,,,,,Getting climate on the table / into contract terms,,,
Caesar's Clause,Greener and More Efficient HGVs in Road and Multimodal Transport Agreements,"Commercial,""Heavy Industry (including Energy, Infrastructure & Transport)""","Industrials,Energy ,Universal","Transportation ,Energy ,Universal","Transport,Law & Legal Structures ",,"Obligation to reduce contract emissions,Offsetting","Reducing organisation emissions,Organisational net zero target/ carbon neutral status,Net Zero Transition Plan,Carbon Budget,Commitment to specific standards/ targets,Interim targets/ continuous reduction of organisational emissions,Offsetting ","Report on contract emissions,""Report to contract parties or related third parties (investors, shareholders, insurers) "",""Measuring, reducing, reporting Scope 3 emissions "",Third party verification",,,Renewable energy/ fuels,,,,
Callum & Theo’s Clause,Climate Standard Transaction Terms,"Corporate ,""Finance, Financial Services & Capital Markets""",Financials ,Diversified Financials ,"""Human Settlements, Buildings and Infrastructure"",""Finance, Accounting & Tax""","Mission lock ,Sustainability policy,Directors' obligations/ duties,Climate governance and compliance processes ","Contract net zero target,Back to back obligations through supply chain,Obligation to reduce contract emissions,Offsetting","Reducing organisation emissions,Organisational net zero target/ carbon neutral status,Net Zero Transition Plan,Commitment to specific standards/ targets,Offsetting ","Report on organisation emissions,""Report to contract parties or related third parties (investors, shareholders, insurers) "",""Other reporting obligations (regulatory, trade practice)"",""Measuring, reducing, reporting Scope 1 emissions"",""Measuring, reducing, reporting Scope 2 emissions "",""Measuring, reducing, reporting Scope 3 emissions "",Public commitments and accountability to stakeholders,Reporting/ disclosing climate-related risks,Report on climate governance and compliance processes,Third party verification","Share option scheme conditional on achieving sustainability goals ,Restricted share transfers and issues if breach of climate obligations  ,Compulsory transfers for material clause breach,Right to refuse to be dragged along ,Shareholder/ Lender/ Guarantor remedy for material climate breach","Termination right,Dispute resolution frameworks and processes","Single use plastic,Reducing travel,Circular economy,Renewable energy/ fuels",Getting climate on the table / into contract terms,,Yes,
Camden's Clause,Land Use Conditions Requiring Installation of Individual Water Meters or Submeters for Multi-Unit Properties ,"""Buildings & Land (including Property, Construction, Environment & Planning)""","Real Estate,Industrials,Utilities","Real Estate,Capital Goods,Utilities","Water,""Human Settlements, Buildings and Infrastructure""",,,,,,,"Circular economy,Water conservation",,,,
Casper’s Clause,Sustainability-Linked Loans,"""Finance, Financial Services & Capital Markets""",Financials ,Diversified Financials ,"""Finance, Accounting & Tax""","Sustainability policy,Directors' obligations/ duties,Climate governance and compliance processes ,Employee training",,"Reducing organisation emissions,Organisational net zero target/ carbon neutral status,Net Zero Transition Plan,Commitment to specific standards/ targets,Interim targets/ continuous reduction of organisational emissions,Offsetting ","Report on organisation emissions,""Report to contract parties or related third parties (investors, shareholders, insurers) "",""Other reporting obligations (regulatory, trade practice)"",""Measuring, reducing, reporting Scope 1 emissions"",""Measuring, reducing, reporting Scope 2 emissions "",""Measuring, reducing, reporting Scope 3 emissions "",Public statement of lobbying activities,Report on climate governance and compliance processes,Third party verification",,"Termination right,Incentive,Disincentive",,,,Yes,Yes
Cassie's Clause,Extending Insurance Policy Cover for Pending Climate Change Litigation conditional upon Policyholder Disclosure of Net Zero Targets and Exposure to Climate Risk ,Insurance,Financials ,Insurance,"""Finance, Accounting & Tax""",,,Interim targets/ continuous reduction of organisational emissions,"Report on organisation emissions,""Report to contract parties or related third parties (investors, shareholders, insurers) "",Third party verification",,,,,,Yes,
Charlotte's Clause ,Green Dispute Resolution Reporting Requirements in After the Event (ATE) Insurance Policies,Insurance,Financials ,Insurance,"""Finance, Accounting & Tax""",,,,"""Report to contract parties or related third parties (investors, shareholders, insurers) """,,Dispute resolution frameworks and processes,,,,,
Chloe’s Clause,Environmental Business Charter,"Commercial,Employment (including Share Schemes & Incentives & Pensions),Corporate ","Universal,Industrials","Universal,Commercial & Professional Services",Law & Legal Structures ,"Sustainability policy,Climate governance and compliance processes ,Employee training",,"Reducing organisation emissions,Interim targets/ continuous reduction of organisational emissions,Offsetting ","Report on organisation emissions,""Other reporting obligations (regulatory, trade practice)"",""Measuring, reducing, reporting Scope 1 emissions"",""Measuring, reducing, reporting Scope 3 emissions "",Report on climate governance and compliance processes,Third party verification",,Incentive,Reducing travel,Getting climate on the table / into contract terms,,,
Clara's Guide And Checklist,Guide and checklist for issuance of Sustainability-Linked Loans,"""Finance, Financial Services & Capital Markets""",Financials ,Diversified Financials ,"""Finance, Accounting & Tax""",,,Interim targets/ continuous reduction of organisational emissions,Third party verification,,,Renewable energy/ fuels,"Getting climate on the table / into contract terms,Due Diligence ",,,
Connor’s Clause,Exclusions from insurance coverage for climate harms,Insurance,Financials ,Insurance,"""Finance, Accounting & Tax"",Resilience (Mitigation & Adaptation) ",,,Interim targets/ continuous reduction of organisational emissions,,,Disincentive,,Getting climate on the table / into contract terms,Problematic,,
Conny's Clause ,Novation of Obligations in Climate Retrofitting Contracts to Successors in Title,"""Buildings & Land (including Property, Construction, Environment & Planning)"",Public Sector (including Public Law & Local Government)","Real Estate,Financials ","Real Estate,Banks","""Human Settlements, Buildings and Infrastructure"",Resilience (Mitigation & Adaptation) ",,,,,,,,,,,
Darcy’s Board Minutes,Climate Change Aligned Board Minutes,Corporate ,Universal,Universal,"""Finance, Accounting & Tax"",Law & Legal Structures ","Sustainability policy,Directors' obligations/ duties,Climate governance and compliance processes ",,"Reducing organisation emissions,Organisational net zero target/ carbon neutral status,Net Zero Transition Plan,Commitment to specific standards/ targets,Interim targets/ continuous reduction of organisational emissions","Report on climate governance and compliance processes,Third party verification",,,,Getting climate on the table / into contract terms,,,
Dottie’s Clause ,Climate Underwriting Sponsor Warranties,"Corporate ,Commercial,Insurance",Financials ,Diversified Financials ,"""Finance, Accounting & Tax"",Law & Legal Structures ","Sustainability policy,Directors' obligations/ duties,Climate governance and compliance processes ,Employee training",,"Organisational net zero target/ carbon neutral status,Net Zero Transition Plan,Carbon Budget,Interim targets/ continuous reduction of organisational emissions,Offsetting ","""Other reporting obligations (regulatory, trade practice)"",""Measuring, reducing, reporting Scope 1 emissions"",""Measuring, reducing, reporting Scope 2 emissions "",""Measuring, reducing, reporting Scope 3 emissions "",Report on climate governance and compliance processes,Third party verification",,Incentive,,"Getting climate on the table / into contract terms,Due Diligence ",Supports,Yes,
Eddie's Recitals,Climate Recitals,"Universal,Supply Chains",Universal,Utilities,Law & Legal Structures ,,,"Reducing organisation emissions,Interim targets/ continuous reduction of organisational emissions",,,,,Getting climate on the table / into contract terms,Supports,,
Edgar’s Clause,Climate Resilient landscape design contracts,"""Buildings & Land (including Property, Construction, Environment & Planning)"",""Heavy Industry (including Energy, Infrastructure & Transport)""",Real Estate,Real Estate,"""Human Settlements, Buildings and Infrastructure""",,Obligation to reduce contract emissions,,,,,Ecological projects ,,,Yes,Yes
Elliot’s Handbook,Net Zero Employment Handbook,"Employment (including Share Schemes & Incentives & Pensions),Corporate ","Universal,Industrials","Universal,Commercial & Professional Services",People,"Climate governance and compliance processes ,Employee training",,"Reducing organisation emissions,Organisational net zero target/ carbon neutral status,Interim targets/ continuous reduction of organisational emissions,Offsetting ","Public commitments and accountability to stakeholders,Report on climate governance and compliance processes,Third party verification",Donation to environmental causes,"Incentive,Disincentive","Single use plastic,Food waste/ waste generally,Reducing travel,Circular economy,Energy efficiency,Water conservation,Renewable energy/ fuels",,Problematic,,Yes
Elsie's Resolution,Shareholder Resolutions relating to a Company's Climate Change Commitments,Corporate ,Universal,Universal,Law & Legal Structures ,Sustainability policy,,"Organisational net zero target/ carbon neutral status,Net Zero Transition Plan,Interim targets/ continuous reduction of organisational emissions","""Report to contract parties or related third parties (investors, shareholders, insurers) """,,,,,Supports,,
Emilia’s Protocols,Green litigation and arbitration protocols,"Dispute Resolution & Arbitration,Commercial",Universal,Universal,Law & Legal Structures ,,Offsetting,"Reducing organisation emissions,Organisational net zero target/ carbon neutral status,Net Zero Transition Plan,Carbon Budget,Commitment to specific standards/ targets,Interim targets/ continuous reduction of organisational emissions,Offsetting ",Third party verification,Donation to environmental causes,Dispute resolution frameworks and processes,"Reducing travel,Circular economy",,Problematic,,
Emilio's Checklist,Climate Policy Footprint,"Corporate ,Commercial,""Finance, Financial Services & Capital Markets"",Insurance,Universal",Universal,Universal,Law & Legal Structures ,"Sustainability policy,Climate governance and compliance processes ,Employee training",,,"Report on organisation emissions,""Report to contract parties or related third parties (investors, shareholders, insurers) "",""Other reporting obligations (regulatory, trade practice)"",Public statement of lobbying activities,Report on climate governance and compliance processes",,,,,Supports,Yes,
Emma's Clause ,Green Residential Lease ,"""Buildings & Land (including Property, Construction, Environment & Planning)""",Real Estate,Real Estate,"""Human Settlements, Buildings and Infrastructure""",,Interim targets/ continuous reduction of contract emissions ,Interim targets/ continuous reduction of organisational emissions,"""Measuring, reducing, reporting Scope 2 emissions "",Third party verification",,,"Food waste/ waste generally,Circular economy,Energy efficiency,Renewable energy/ fuels",,,,
Eric’s Clause,Climate Gardening Leave,"Employment (including Share Schemes & Incentives & Pensions),Commercial","Universal,Industrials","Universal,Commercial & Professional Services",People,Climate governance and compliance processes ,,,,Donation to environmental causes,Incentive,,,Problematic,,Yes
Estelle’s Clause,Net Zero Construction Standards,"""Buildings & Land (including Property, Construction, Environment & Planning)"",""Heavy Industry (including Energy, Infrastructure & Transport)""","Materials,Industrials,Energy ","Materials ,Capital Goods,Transportation ,Energy ","""Human Settlements, Buildings and Infrastructure""",,"Back to back obligations through supply chain,Obligation to reduce contract emissions","Reducing organisation emissions,Organisational net zero target/ carbon neutral status,Net Zero Transition Plan,Carbon Budget,Commitment to specific standards/ targets,Interim targets/ continuous reduction of organisational emissions,Offsetting ","""Report to contract parties or related third parties (investors, shareholders, insurers) "",Third party verification",,Disincentive,Circular economy,,,Yes,Yes
Evan's Protocols,Green Transaction Execution Protocols,"Corporate ,Commercial,""Finance, Financial Services & Capital Markets""","Universal,Financials ","Universal,Diversified Financials ","""Finance, Accounting & Tax"",Law & Legal Structures ",,"Back to back obligations through supply chain,Interim targets/ continuous reduction of contract emissions ,Offsetting","Reducing organisation emissions,Organisational net zero target/ carbon neutral status,Net Zero Transition Plan,Carbon Budget,Commitment to specific standards/ targets,Interim targets/ continuous reduction of organisational emissions,Offsetting ","Report on contract emissions,""Report to contract parties or related third parties (investors, shareholders, insurers) "",""Measuring, reducing, reporting Scope 1 emissions"",""Measuring, reducing, reporting Scope 2 emissions "",""Measuring, reducing, reporting Scope 3 emissions "",Third party verification",Donation to environmental causes,,"Single use plastic,Reducing travel,Circular economy",,Problematic,,Yes
Evelyn and Ezra’s Clause,Securing Net Zero in planning development projects,"""Buildings & Land (including Property, Construction, Environment & Planning)"",""Heavy Industry (including Energy, Infrastructure & Transport)""","Real Estate,Industrials","Real Estate,Capital Goods,Transportation ","""Human Settlements, Buildings and Infrastructure""",,Offsetting,"Reducing organisation emissions,Organisational net zero target/ carbon neutral status,Net Zero Transition Plan,Carbon Budget,Commitment to specific standards/ targets,Interim targets/ continuous reduction of organisational emissions,Offsetting ","""Report to contract parties or related third parties (investors, shareholders, insurers) "",""Other reporting obligations (regulatory, trade practice)"",Third party verification",,,"Circular economy,Energy efficiency,Renewable energy/ fuels",,,,
Evie's Clause,Debt Finance Clauses (and LMA Facility Amendments) Promoting Sustainable Water Usage,"""Finance, Financial Services & Capital Markets""","Financials ,Utilities","Diversified Financials ,Utilities","Water,""Finance, Accounting & Tax""",,,,,,"Incentive,Disincentive","Circular economy,Water conservation",Getting climate on the table / into contract terms,,,
Felix's Clause,Net Zero Completion Adjustment clause,"Corporate ,""Finance, Financial Services & Capital Markets""","Financials ,Universal","Diversified Financials ,Universal","""Finance, Accounting & Tax"",Law & Legal Structures ",,"Back to back obligations through supply chain,Offsetting","Net Zero Transition Plan,Carbon Budget,Commitment to specific standards/ targets","Report on organisation emissions,""Report to contract parties or related third parties (investors, shareholders, insurers) "",""Measuring, reducing, reporting Scope 1 emissions"",""Measuring, reducing, reporting Scope 2 emissions "",""Measuring, reducing, reporting Scope 3 emissions "",Third party verification",,"Incentive,Disincentive",,,,,Yes
Francis’ Clause,Climate Aligned Construction Waste Management,"""Buildings & Land (including Property, Construction, Environment & Planning)""","Industrials,Materials","Capital Goods,Materials ","""Human Settlements, Buildings and Infrastructure""",,Obligation to reduce contract emissions,,"""Report to contract parties or related third parties (investors, shareholders, insurers) """,,,Circular economy,,,,Yes
Frank's Clause ,Green Investment Obligations ,"""Finance, Financial Services & Capital Markets"",Corporate ","Financials ,Universal","Diversified Financials ,Universal","Law & Legal Structures ,""Finance, Accounting & Tax""","Objects / Purpose,Mission lock ,Directors' obligations/ duties,Shareholder/ Investor Commitments,Shareholder/ Investor consent for green decisions,Climate governance and compliance processes ",Offsetting,"Reducing organisation emissions,Organisational net zero target/ carbon neutral status,Net Zero Transition Plan,Commitment to specific standards/ targets,Interim targets/ continuous reduction of organisational emissions,Offsetting ","Report on organisation emissions,""Report to contract parties or related third parties (investors, shareholders, insurers) "",""Other reporting obligations (regulatory, trade practice)"",""Measuring, reducing, reporting Scope 1 emissions"",""Measuring, reducing, reporting Scope 2 emissions "",""Measuring, reducing, reporting Scope 3 emissions "",Public commitments and accountability to stakeholders,Reporting/ disclosing climate-related risks,Report on climate governance and compliance processes,Third party verification",Donation to environmental causes,,"Single use plastic,Food waste/ waste generally,Circular economy,Renewable energy/ fuels",Getting climate on the table / into contract terms,,,
Gaia's Clause,Sustainability-Linked Project Finance ,"""Finance, Financial Services & Capital Markets"",""Buildings & Land (including Property, Construction, Environment & Planning)""","Financials ,Materials","Diversified Financials ,Materials ","""Finance, Accounting & Tax"",""Human Settlements, Buildings and Infrastructure""","Sustainability policy,Employee training",,"Reducing organisation emissions,Interim targets/ continuous reduction of organisational emissions,Offsetting ","""Report to contract parties or related third parties (investors, shareholders, insurers) "",""Other reporting obligations (regulatory, trade practice)"",Third party verification",,"Incentive,Disincentive","Circular economy,Water conservation",,,,Yes
Georgie's Clause,Promotion of Carbon Sinks and Ecological Restoration in Lettings of Rural Land,"""Buildings & Land (including Property, Construction, Environment & Planning)""",Real Estate,Real Estate,"""Human Settlements, Buildings and Infrastructure"",Land Use & Agriculture",,,Commitment to specific standards/ targets,"""Report to contract parties or related third parties (investors, shareholders, insurers) """,,"Incentive,Dispute resolution frameworks and processes","Ecological projects ,Circular economy,Energy efficiency,Water conservation,Renewable energy/ fuels",,,Yes,Yes
Gordon’s DDQ, Capital Markets ESG Due Diligence Questionnaire,"""Finance, Financial Services & Capital Markets"",Corporate ","Financials ,Universal","Diversified Financials ,Universal","""Finance, Accounting & Tax""",Climate governance and compliance processes ,,"Reducing organisation emissions,Organisational net zero target/ carbon neutral status,Carbon Budget,Interim targets/ continuous reduction of organisational emissions","""Other reporting obligations (regulatory, trade practice)"",Third party verification,Report on climate governance and compliance processes,Reporting/ disclosing climate-related risks",,,,"Getting climate on the table / into contract terms,Due Diligence ",,Yes,Yes
Griff's Clause,Template Board Paper for Significant Contracts/Transactions,Corporate ,Universal,Universal,Law & Legal Structures ,Directors' obligations/ duties,,,"Report on contract emissions,Report on organisation emissions,""Other reporting obligations (regulatory, trade practice)"",Reporting/ disclosing climate-related risks",,,,Getting climate on the table / into contract terms,Supports,,Yes
Hanley’s Clause,Climate Change Aligned Heads of Terms,Corporate ,Universal,Universal,Law & Legal Structures ,Directors' obligations/ duties,"Obligation to reduce contract emissions,Interim targets/ continuous reduction of contract emissions ",,,,,,"Getting climate on the table / into contract terms,Due Diligence ",,Yes,
Hannah's Clause ,Green Service Charge Provisions for Commercial Leases,"""Buildings & Land (including Property, Construction, Environment & Planning)""",Real Estate,Real Estate,"""Human Settlements, Buildings and Infrastructure"",Resilience (Mitigation & Adaptation) ",,,,,,,,,,,
Harrison’s Clause,Green Loan Starter Pack,"""Finance, Financial Services & Capital Markets""",Financials ,Diversified Financials ,"""Finance, Accounting & Tax""","Sustainability policy,Directors' obligations/ duties,Climate governance and compliance processes ",,"Reducing organisation emissions,Organisational net zero target/ carbon neutral status,Net Zero Transition Plan,Carbon Budget,Commitment to specific standards/ targets,Interim targets/ continuous reduction of organisational emissions,Offsetting ","""Report to contract parties or related third parties (investors, shareholders, insurers) "",""Other reporting obligations (regulatory, trade practice)"",Third party verification",,Disincentive,Renewable energy/ fuels,,,,
Helen's Clause,Promotion of Regenerative Farming Methods by using Profit a Pasturage Agreements,"""Buildings & Land (including Property, Construction, Environment & Planning)""",Real Estate,Real Estate,"Law & Legal Structures ,Land Use & Agriculture",,,,,,,,Getting climate on the table / into contract terms,,,Yes
Iris’s Clause,Climate Risk Sharing Provisions,"Commercial,Universal,Public Sector (including Public Law & Local Government),Supply Chains",Universal,Universal,"Law & Legal Structures ,Resilience (Mitigation & Adaptation) ",,Offsetting,Offsetting ,"""Report to contract parties or related third parties (investors, shareholders, insurers) "",""Other reporting obligations (regulatory, trade practice)"",Reporting/ disclosing climate-related risks,Third party verification",Donation to environmental causes,,Circular economy,Getting climate on the table / into contract terms,Supports,Yes,
Izzy's Clause ,Benchmarking of project greenhouse gas (GHG) emissions,"""Buildings & Land (including Property, Construction, Environment & Planning)"",Commercial,Supply Chains","Universal,Industrials","Universal,Capital Goods","Law & Legal Structures ,""Human Settlements, Buildings and Infrastructure""",,Obligation to reduce contract emissions,Commitment to specific standards/ targets,"Report on contract emissions,""Report to contract parties or related third parties (investors, shareholders, insurers) """,Donation to environmental causes,"Incentive,Disincentive",,Getting climate on the table / into contract terms,Problematic,,
Jamie's Clause,Encouraging the Use of Water Submeters to Assess Water Charges against Tenants and Condominium Unit Owners,"""Buildings & Land (including Property, Construction, Environment & Planning)""","Real Estate,Utilities","Real Estate,Utilities","Water,""Human Settlements, Buildings and Infrastructure""",,,,,,,"Circular economy,Water conservation",,,,
Javier's Clause,Stakeholder Company Climate Questionnaire,"Corporate ,Employment (including Share Schemes & Incentives & Pensions),Commercial",Universal,Universal,Law & Legal Structures ,"Sustainability policy,Shareholder/ Investor consent for green decisions,Climate governance and compliance processes ",Interim targets/ continuous reduction of contract emissions ,"Reducing organisation emissions,Organisational net zero target/ carbon neutral status,Net Zero Transition Plan,Commitment to specific standards/ targets,Interim targets/ continuous reduction of organisational emissions,Offsetting ","Report on organisation emissions,Reporting/ disclosing climate-related risks,Report on climate governance and compliance processes,Third party verification",Share option scheme conditional on achieving sustainability goals ,,Circular economy,,Supports,Yes,
Jessica's Clause ,Carbon Performance Clauses ,"Commercial,Universal,Supply Chains",Universal,Universal,Law & Legal Structures ,Employee training,"Back to back obligations through supply chain,Obligation to reduce contract emissions,Interim targets/ continuous reduction of contract emissions ,Offsetting","Reducing organisation emissions,Organisational net zero target/ carbon neutral status,Net Zero Transition Plan,Commitment to specific standards/ targets,Offsetting ","Report on contract emissions,Report on organisation emissions,""Report to contract parties or related third parties (investors, shareholders, insurers) "",""Measuring, reducing, reporting Scope 1 emissions"",""Measuring, reducing, reporting Scope 2 emissions "",""Measuring, reducing, reporting Scope 3 emissions "",Third party verification",Donation to environmental causes,Disincentive,Ecological projects ,Getting climate on the table / into contract terms,Problematic,,
Joni's Clause,Promotion of Sustainable Consumption and Travel in TV Production,"Commercial,""IP, IT, TMT, Life Sciences, Data Protection & Information Law""",Communication Services,Media & Entertainment,"""Industry (including Heavy Industry, Retail & FMCG, ICT & Media)"",People",,Obligation to reduce contract emissions,,,,Disincentive,"Reducing travel,Circular economy",,,,
Josie's Clause ,Net Zero Modifications for NEC4 Engineering and Construction Contracts,"""Buildings & Land (including Property, Construction, Environment & Planning)""",Industrials,Capital Goods,"""Human Settlements, Buildings and Infrastructure""",,,,,,,,,,Yes,
Kaia’s Clause, Climate Purposed NDA Terms,"Commercial,Corporate ",Universal,Universal,Law & Legal Structures ,"Sustainability policy,Directors' obligations/ duties",,Organisational net zero target/ carbon neutral status,"""Other reporting obligations (regulatory, trade practice)""",,,,"Getting climate on the table / into contract terms,NDAs / Confidentialiy obligations",Supports,Yes,
Kitty's Clause ,General Condition to Commercial Insurance Policies - Climate Change Risk Assessment,Insurance,Financials ,Insurance,"""Finance, Accounting & Tax""",Climate governance and compliance processes ,,,Reporting/ disclosing climate-related risks,,,,Getting climate on the table / into contract terms,,Yes,
Lagatha's Clause ,Auditing Water Usage in Supply Chains,"Commercial,Supply Chains","Universal,Utilities","Universal,Utilities","Water,Law & Legal Structures ",,,,"Report on contract emissions,Third party verification",,"Incentive,Disincentive","Circular economy,Water conservation",Getting climate on the table / into contract terms,Problematic,,
Lara's Clause ,ESG-Linked Pricing Adjustment for Derivatives Transactions,"""Finance, Financial Services & Capital Markets""",Financials ,Diversified Financials ,"""Finance, Accounting & Tax""",,,"Reducing organisation emissions,Organisational net zero target/ carbon neutral status,Offsetting ","Report on organisation emissions,""Report to contract parties or related third parties (investors, shareholders, insurers) "",Third party verification",,Disincentive,"Energy efficiency,Water conservation",,,,
Larissa's Clause,A set of Facility Agreement clauses promoting sustainability-linked loans within the cement industry. ,"""Finance, Financial Services & Capital Markets"",""Buildings & Land (including Property, Construction, Environment & Planning)""","Financials ,Materials","Diversified Financials ,Materials ","""Finance, Accounting & Tax"",""Industry (including Heavy Industry, Retail & FMCG, ICT & Media)""",,Obligation to reduce contract emissions,"Organisational net zero target/ carbon neutral status,Commitment to specific standards/ targets,Offsetting ","Report on contract emissions,""Measuring, reducing, reporting Scope 1 emissions"",""Measuring, reducing, reporting Scope 2 emissions "",""Measuring, reducing, reporting Scope 3 emissions "",Public statement of lobbying activities,Third party verification",,,Renewable energy/ fuels,,,,
Lauren’s Clause,Green Shareholders’ Agreement,Corporate ,Universal,Universal,"Law & Legal Structures ,""Finance, Accounting & Tax""","Directors' obligations/ duties,Shareholder/ Investor Commitments,Shareholder/ Investor consent for green decisions,Climate governance and compliance processes ",,"Reducing organisation emissions,Organisational net zero target/ carbon neutral status,Net Zero Transition Plan,Commitment to specific standards/ targets,Interim targets/ continuous reduction of organisational emissions,Offsetting ","""Report to contract parties or related third parties (investors, shareholders, insurers) "",""Other reporting obligations (regulatory, trade practice)"",Report on climate governance and compliance processes,Third party verification","Share option scheme conditional on achieving sustainability goals ,Restricted share transfers and issues if breach of climate obligations  ,Compulsory transfers for material clause breach,Right to refuse to be dragged along ",Disincentive,,,,,
Leo & Molly's Clause,Choice of Green Governing Law Clause,"Dispute Resolution & Arbitration,Commercial",Universal,Universal,Law & Legal Structures ,,Obligation to reduce contract emissions,,,,Dispute resolution frameworks and processes,,,,,
Levi's Clause,Green Fuel Requirement (Maritime),,,,,,,"Offsetting ,Interim targets/ continuous reduction of organisational emissions",Third party verification,,Termination right,Energy efficiency,,,,
Lewi's Clause,Green Film Production Credits,"Commercial,""IP, IT, TMT, Life Sciences, Data Protection & Information Law""",Communication Services,Media & Entertainment,"""Industry (including Heavy Industry, Retail & FMCG, ICT & Media)"",People",,,,"Report on contract emissions,""Other reporting obligations (regulatory, trade practice)"",""Measuring, reducing, reporting Scope 1 emissions"",""Measuring, reducing, reporting Scope 2 emissions "",""Measuring, reducing, reporting Scope 3 emissions """,,,,Getting climate on the table / into contract terms,,,
Lila's Clause ,Board Paper Implementing Net Zero for SMEs,Corporate ,Universal,Universal,Law & Legal Structures ,"Directors' obligations/ duties,Climate governance and compliance processes ,Employee training",,"Organisational net zero target/ carbon neutral status,Net Zero Transition Plan,Commitment to specific standards/ targets,Interim targets/ continuous reduction of organisational emissions,Offsetting ","""Report to contract parties or related third parties (investors, shareholders, insurers) "",""Measuring, reducing, reporting Scope 1 emissions"",""Measuring, reducing, reporting Scope 2 emissions "",""Measuring, reducing, reporting Scope 3 emissions "",Reporting/ disclosing climate-related risks,Report on climate governance and compliance processes,Third party verification",,,Renewable energy/ fuels,Getting climate on the table / into contract terms,,,
Lola & Harry’s DDQ,Climate and Net Zero Due Diligence,Corporate ,Universal,Universal,Law & Legal Structures ,"Climate governance and compliance processes ,Employee training",,"Organisational net zero target/ carbon neutral status,Carbon Budget,Interim targets/ continuous reduction of organisational emissions","Reporting/ disclosing climate-related risks,Report on climate governance and compliance processes,Third party verification",,,Renewable energy/ fuels,"Getting climate on the table / into contract terms,Due Diligence ",,,
Lotta's Clause ,Landlords to provide Electricity from Renewable Sources,"""Buildings & Land (including Property, Construction, Environment & Planning)""",Real Estate,Real Estate,"""Human Settlements, Buildings and Infrastructure""",,Obligation to reduce contract emissions,,,,,"Circular economy,Renewable energy/ fuels",,,,
Lovisa's Clause ,Knowledge Sharing between Insurer and Insured in relation to Sustainable Practices and Climate Risk,Insurance,Financials ,Insurance,"""Finance, Accounting & Tax"",Resilience (Mitigation & Adaptation) ",,,,"""Report to contract parties or related third parties (investors, shareholders, insurers) "",Reporting/ disclosing climate-related risks",,,"Circular economy,Water conservation",Getting climate on the table / into contract terms,,Yes,Yes
Luke's Clause,The 'Green Supplier' Contract – a standardised contractual pricing model which uses incentives to ensure the maintenance of agreed sustainable objectives between a supplier and purchaser,"Commercial,Supply Chains",Universal,Universal,Law & Legal Structures ,Employee training,"Back to back obligations through supply chain,Obligation to reduce contract emissions","Reducing organisation emissions,Organisational net zero target/ carbon neutral status,Commitment to specific standards/ targets","Report on contract emissions,Report on organisation emissions,""Report to contract parties or related third parties (investors, shareholders, insurers) "",""Measuring, reducing, reporting Scope 1 emissions"",""Measuring, reducing, reporting Scope 2 emissions "",""Measuring, reducing, reporting Scope 3 emissions "",Third party verification",,"Incentive,Disincentive,Dispute resolution frameworks and processes","Single use plastic,Food waste/ waste generally,Reducing travel,Water conservation,Renewable energy/ fuels",,Problematic,,
Luna's Clause,Green Construction Modifications,"""Buildings & Land (including Property, Construction, Environment & Planning)""","Industrials,Materials","Capital Goods,Materials ","""Human Settlements, Buildings and Infrastructure"",Resilience (Mitigation & Adaptation) ",,Obligation to reduce contract emissions,"Reducing organisation emissions,Organisational net zero target/ carbon neutral status,Net Zero Transition Plan,Carbon Budget,Commitment to specific standards/ targets,Interim targets/ continuous reduction of organisational emissions,Offsetting ",Third party verification,,,"Food waste/ waste generally,Reducing travel,Circular economy",,Problematic,Yes,Yes
Madhavi's Clause ,Modern Methods of Construction (MMC) and Net Zero Provisions for Construction or Development Agreements ,"""Buildings & Land (including Property, Construction, Environment & Planning)""","Industrials,Materials,Utilities,Real Estate","Capital Goods,Materials ,Utilities,Real Estate","""Human Settlements, Buildings and Infrastructure""",,"Obligation to reduce contract emissions,Offsetting","Reducing organisation emissions,Organisational net zero target/ carbon neutral status,Net Zero Transition Plan,Carbon Budget,Commitment to specific standards/ targets,Interim targets/ continuous reduction of organisational emissions,Offsetting ","""Report to contract parties or related third parties (investors, shareholders, insurers) "",Third party verification",,"Disincentive,Dispute resolution frameworks and processes","Food waste/ waste generally,Circular economy,Energy efficiency,Water conservation","Getting climate on the table / into contract terms,Due Diligence ",Supports,Yes,Yes
Maria’s Scorecard,Supply Chain Emissions Scorecard,"Corporate ,Commercial,Public Sector (including Public Law & Local Government),Supply Chains",Universal,Universal,Law & Legal Structures ,"Sustainability policy,Climate governance and compliance processes ,Employee training",Back to back obligations through supply chain,"Organisational net zero target/ carbon neutral status,Interim targets/ continuous reduction of organisational emissions,Offsetting ","Report on organisation emissions,""Other reporting obligations (regulatory, trade practice)"",""Measuring, reducing, reporting Scope 1 emissions"",""Measuring, reducing, reporting Scope 2 emissions "",""Measuring, reducing, reporting Scope 3 emissions "",Report on climate governance and compliance processes,Third party verification",,,Renewable energy/ fuels,Getting climate on the table / into contract terms,,Yes,
Marni’s Clause,Report on Title Climate Change Clauses,"""Buildings & Land (including Property, Construction, Environment & Planning)""",Real Estate,Real Estate,"""Human Settlements, Buildings and Infrastructure"",Resilience (Mitigation & Adaptation) ",Shareholder/ Investor Commitments,,,Reporting/ disclosing climate-related risks,,,,Getting climate on the table / into contract terms,Problematic,Yes,
Mary’s Clause,Build Contract Energy Efficiency Clauses,"""Buildings & Land (including Property, Construction, Environment & Planning)""","Real Estate,Materials","Real Estate,Materials ","""Human Settlements, Buildings and Infrastructure""",,Obligation to reduce contract emissions,Commitment to specific standards/ targets,,,,"Food waste/ waste generally,Reducing travel,Circular economy,Energy efficiency,Water conservation",Getting climate on the table / into contract terms,Supports,,Yes
Matilda's Annex,The Net Zero Standard for Suppliers,"Commercial,Supply Chains",Universal,Universal,Law & Legal Structures ,Climate governance and compliance processes ,"Contract net zero target,Back to back obligations through supply chain,Obligation to reduce contract emissions,Interim targets/ continuous reduction of contract emissions ,Offsetting","Reducing organisation emissions,Organisational net zero target/ carbon neutral status,Net Zero Transition Plan,Carbon Budget,Commitment to specific standards/ targets,Interim targets/ continuous reduction of organisational emissions,Offsetting ","Report on contract emissions,""Measuring, reducing, reporting Scope 1 emissions"",""Measuring, reducing, reporting Scope 2 emissions "",""Measuring, reducing, reporting Scope 3 emissions "",Third party verification",,"Incentive,Disincentive",Ecological projects ,,Supports,,
Matthew's Clause,Late Payment – Green Interest Remedies,"Commercial,Universal",Universal,Universal,Law & Legal Structures ,,,,Third party verification,Donation to environmental causes,Disincentive,,,,,
Mia’s Clause,Low Carbon arbitration hearings clause,Dispute Resolution & Arbitration,Universal,Universal,Law & Legal Structures ,,"Obligation to reduce contract emissions,Offsetting",Reducing organisation emissions,"Report on contract emissions,""Report to contract parties or related third parties (investors, shareholders, insurers) "",""Measuring, reducing, reporting Scope 3 emissions """,Donation to environmental causes,Dispute resolution frameworks and processes,"Reducing travel,Circular economy",,,,
Millie's Clause ,Incentives for the Insured to Disclose and Meet GHG Emissions Targets,Insurance,Financials ,Insurance,"""Finance, Accounting & Tax"",Resilience (Mitigation & Adaptation) ",,,,"Report on organisation emissions,""Report to contract parties or related third parties (investors, shareholders, insurers) "",Third party verification",,"Incentive,Disincentive",,,,,
Ming's Clause,Target Product Carbon Footprint (Schedule for Consumer Goods Contracts),"Commercial,""IP, IT, TMT, Life Sciences, Data Protection & Information Law"",Supply Chains","Materials,Industrials,Consumer Discretionary,Consumer Staples,Healthcare,Information Technology","Materials ,Capital Goods,Transportation ,Automobiles & Components ,Consumer Durables & Apparel,Retailing ,Food Staples Retailing ,""Food, Beverages & Tobacco"",Household & Personal Products,Healthcare Equipment & Services,""Pharmaceuticals, Biotechnology & Life Sciences "",Software & Services,Technology Hardware & Equipment,Semiconductors & Semiconductor Equipment",Law & Legal Structures ,"Directors' obligations/ duties,Climate governance and compliance processes ,Employee training","Contract net zero target,Obligation to reduce contract emissions,Interim targets/ continuous reduction of contract emissions ,Offsetting","Reducing organisation emissions,Organisational net zero target/ carbon neutral status,Net Zero Transition Plan,Carbon Budget,Commitment to specific standards/ targets,Offsetting ","Report on contract emissions,Report on organisation emissions,""Report to contract parties or related third parties (investors, shareholders, insurers) "",""Other reporting obligations (regulatory, trade practice)"",Public statement of lobbying activities,Public commitments and accountability to stakeholders,Third party verification",,"Incentive,Disincentive",,Getting climate on the table / into contract terms,Supports,,
Nemo's Clause,Parametric insurance Solutions and Incentives for the Protection of Coral Reefs,Insurance,"Financials ,Industrials,Consumer Discretionary","Insurance,Transportation ,Consumer Services ","""Finance, Accounting & Tax"",Oceans and Coastal Zones",,,"Reducing organisation emissions,Organisational net zero target/ carbon neutral status,Net Zero Transition Plan,Carbon Budget,Commitment to specific standards/ targets,Interim targets/ continuous reduction of organisational emissions,Offsetting ",Third party verification,,"Termination right,Incentive",,,,,
Nico's Clause,Cooler-Plate Clauses (Climate Aligned Boilerplate),"Commercial,Universal",Universal,Universal,Law & Legal Structures ,,Obligation to reduce contract emissions,,,,Dispute resolution frameworks and processes,,Getting climate on the table / into contract terms,,Yes,Yes
Noah's Clause ,,Corporate ,Universal,Universal,Law & Legal Structures ,,,,,,,,,,,
Nozomi’s Clause,Net Zero Convertible Loan Note,"""Finance, Financial Services & Capital Markets"",Corporate ",Financials ,Diversified Financials ,"Law & Legal Structures ,""Finance, Accounting & Tax""","Directors' obligations/ duties,Climate governance and compliance processes ",,"Reducing organisation emissions,Organisational net zero target/ carbon neutral status,Net Zero Transition Plan,Interim targets/ continuous reduction of organisational emissions","Report on organisation emissions,""Report to contract parties or related third parties (investors, shareholders, insurers) "",""Measuring, reducing, reporting Scope 1 emissions"",""Measuring, reducing, reporting Scope 2 emissions "",Public commitments and accountability to stakeholders,Report on climate governance and compliance processes,Third party verification",,Incentive,Renewable energy/ fuels,Getting climate on the table / into contract terms,,,
Olivia's Clause ,"Incorporating Net Zero Obligations for Contractors and Subcontractors in Engineering, Procurement and Construction (EPC) Contracts to ensure Sustainability at All Levels of a Project","""Finance, Financial Services & Capital Markets"",""Buildings & Land (including Property, Construction, Environment & Planning)""","Financials ,Materials","Diversified Financials ,Materials ","""Finance, Accounting & Tax"",""Human Settlements, Buildings and Infrastructure""",,"Contract net zero target,Back to back obligations through supply chain,Obligation to reduce contract emissions,Interim targets/ continuous reduction of contract emissions ,Offsetting",Offsetting ,"Report on contract emissions,""Report to contract parties or related third parties (investors, shareholders, insurers) "",""Measuring, reducing, reporting Scope 1 emissions"",""Measuring, reducing, reporting Scope 2 emissions "",""Measuring, reducing, reporting Scope 3 emissions """,,Disincentive,,,,,
Orli's Clause,Conservation Covenant for Soil Preservation and Enhancement,"""Buildings & Land (including Property, Construction, Environment & Planning)""",Real Estate,Real Estate,"Land Use & Agriculture,Resilience (Mitigation & Adaptation) ",,,,,,,,,,,Yes
Otto's Clause,Energy Efficiency in Shipping,"""Heavy Industry (including Energy, Infrastructure & Transport)""","Industrials,Energy ,Utilities","Transportation ,Energy ,Utilities",Transport,,"Back to back obligations through supply chain,Obligation to reduce contract emissions","Reducing organisation emissions,Organisational net zero target/ carbon neutral status,Net Zero Transition Plan,Carbon Budget,Commitment to specific standards/ targets,Interim targets/ continuous reduction of organisational emissions,Offsetting ","""Report to contract parties or related third parties (investors, shareholders, insurers) "",Third party verification",Donation to environmental causes,"Disincentive,Dispute resolution frameworks and processes",,,,,
Owen’s Clause,Net Zero Target Supply Chain Cascade ,"Commercial,Supply Chains",Universal,Universal,Law & Legal Structures ,Employee training,"Contract net zero target,Back to back obligations through supply chain,Obligation to reduce contract emissions,Offsetting","Reducing organisation emissions,Organisational net zero target/ carbon neutral status,Net Zero Transition Plan,Commitment to specific standards/ targets,Interim targets/ continuous reduction of organisational emissions,Offsetting ","Report on organisation emissions,""Other reporting obligations (regulatory, trade practice)"",Public statement of lobbying activities,Third party verification",,"Termination right,Disincentive",,Getting climate on the table / into contract terms,Problematic,Yes,Yes
Paolo's Clause,Allowing Repair or Refurbishment rather than Renewal at Point of Claim,Insurance,Financials ,Insurance,"""Finance, Accounting & Tax"",Resilience (Mitigation & Adaptation) ",,,,,,,Circular economy,,,,
Pasfield's Clause,Paris Aligned Company Articles,Corporate ,Universal,Universal,Law & Legal Structures ,"Objects / Purpose,Directors' obligations/ duties,Employee training",,"Reducing organisation emissions,Organisational net zero target/ carbon neutral status,Offsetting ","""Report to contract parties or related third parties (investors, shareholders, insurers) "",Public statement of lobbying activities,Public commitments and accountability to stakeholders,Third party verification",,,Ecological projects ,Getting climate on the table / into contract terms,Supports,Yes,
Philippe’s Clause,Invitation to Tender Green Obligations,"Employment (including Share Schemes & Incentives & Pensions),Universal",Universal,Universal,"People,Just Transition ,Resilience (Mitigation & Adaptation) ",Employee training,,,,,,Ecological projects ,Getting climate on the table / into contract terms,Problematic,,Yes
Ragnar's Clause,Green Articles of Association for Private Limited Companies,Corporate ,Universal,Universal,Law & Legal Structures ,"Objects / Purpose,Sustainability policy,Directors' obligations/ duties,Climate governance and compliance processes ",,Reducing organisation emissions,"Report on organisation emissions,""Report to contract parties or related third parties (investors, shareholders, insurers) "",Report on climate governance and compliance processes,Third party verification",,,"Ecological projects ,Circular economy,Water conservation",Getting climate on the table / into contract terms,Supports,,
Raphael's Procurement DDQ,Climate Change Due Diligence Questionnaire for Suppliers,"Public Sector (including Public Law & Local Government),Commercial",Universal,Universal,"""Human Settlements, Buildings and Infrastructure""","Sustainability policy,Employee training",Offsetting,"Reducing organisation emissions,Organisational net zero target/ carbon neutral status,Net Zero Transition Plan,Carbon Budget,Commitment to specific standards/ targets,Interim targets/ continuous reduction of organisational emissions,Offsetting ","""Measuring, reducing, reporting Scope 3 emissions "",Reporting/ disclosing climate-related risks,Third party verification",,,"Single use plastic,Reducing travel,Circular economy,Renewable energy/ fuels","Getting climate on the table / into contract terms,Due Diligence ",Supports,,
Robyn's Questionnaire,Subcontractor/Supplier Self-Assessment Climate Questionnaire (Construction),"""Buildings & Land (including Property, Construction, Environment & Planning)"",Commercial","Industrials,Real Estate","Capital Goods,Real Estate","""Human Settlements, Buildings and Infrastructure""",Climate governance and compliance processes ,,,Report on contract emissions,,,,Getting climate on the table / into contract terms,,,
Rory's Clause ,Net Zero Land Promotion  ,"""Buildings & Land (including Property, Construction, Environment & Planning)""",Real Estate,Real Estate,"""Human Settlements, Buildings and Infrastructure"",Land Use & Agriculture",Mission lock ,Offsetting,"Reducing organisation emissions,Organisational net zero target/ carbon neutral status,Commitment to specific standards/ targets","""Measuring, reducing, reporting Scope 1 emissions"",""Measuring, reducing, reporting Scope 2 emissions "",""Measuring, reducing, reporting Scope 3 emissions "",Public commitments and accountability to stakeholders,Third party verification",,Incentive,"Single use plastic,Ecological projects ,Reducing travel,Circular economy,Energy efficiency,Water conservation,Renewable energy/ fuels",,,Yes,Yes
Rose's Clause,GHG Emissions Management Plans in Infrastructure and Construction Project Finance,"""Buildings & Land (including Property, Construction, Environment & Planning)"",""Finance, Financial Services & Capital Markets"",Public Sector (including Public Law & Local Government)","Industrials,Financials ,Materials","Capital Goods,Diversified Financials ,Banks,Materials ,Transportation ","""Human Settlements, Buildings and Infrastructure"",""Finance, Accounting & Tax"",Resilience (Mitigation & Adaptation) ",,,"Reducing organisation emissions,Organisational net zero target/ carbon neutral status,Net Zero Transition Plan,Carbon Budget,Commitment to specific standards/ targets,Interim targets/ continuous reduction of organisational emissions,Offsetting ","Report on contract emissions,""Report to contract parties or related third parties (investors, shareholders, insurers) "",Third party verification",,,,,,Yes,
Rosie’s Clause,Alteration/improvement provisions within leases to improve climate/ environmental impact of buildings and better use of shared space,"""Buildings & Land (including Property, Construction, Environment & Planning)""",Real Estate,Real Estate,"""Human Settlements, Buildings and Infrastructure""",,,"Reducing organisation emissions,Organisational net zero target/ carbon neutral status,Net Zero Transition Plan,Carbon Budget,Commitment to specific standards/ targets,Interim targets/ continuous reduction of organisational emissions,Offsetting ","""Report to contract parties or related third parties (investors, shareholders, insurers) "",""Measuring, reducing, reporting Scope 2 emissions "",Third party verification",,,Food waste/ waste generally,,,,
Rowen's Clause,Sustainable Land Use and Management Clause in Supply Chain Contracts and associated Self-Assessment Questionnaire,"""Buildings & Land (including Property, Construction, Environment & Planning)"",Commercial,Public Sector (including Public Law & Local Government),Supply Chains","Real Estate,Consumer Staples,Materials,Industrials,Consumer Discretionary,Universal","Real Estate,""Food, Beverages & Tobacco"",Materials ,Capital Goods,Consumer Services ,Consumer Durables & Apparel,Food Staples Retailing ",Land Use & Agriculture,,Obligation to reduce contract emissions,,"Report on contract emissions,""Other reporting obligations (regulatory, trade practice)"",""Measuring, reducing, reporting Scope 1 emissions"",""Measuring, reducing, reporting Scope 2 emissions "",""Measuring, reducing, reporting Scope 3 emissions """,,Termination right,"Food waste/ waste generally,Circular economy,Energy efficiency,Water conservation",,,,
Runa's Clause,Reducing Food Waste in the Supply Chain,"Commercial,Supply Chains","Consumer Discretionary,Industrials,Consumer Staples,Universal","""Food, Beverages & Tobacco"",Consumer Services ,Food Staples Retailing ,Universal",Land Use & Agriculture,,,"Reducing organisation emissions,Organisational net zero target/ carbon neutral status,Net Zero Transition Plan,Carbon Budget,Commitment to specific standards/ targets,Interim targets/ continuous reduction of organisational emissions,Offsetting ",Third party verification,,,Food waste/ waste generally,,,,
Sasha's Clause,Net Zero within Company Whistleblowing Policies,"Corporate ,Commercial",Universal,Universal,Law & Legal Structures ,"Climate governance and compliance processes ,Employee training",,,,,Incentive,,,,,
Sava’s Clause,Sustainable Connectivity in Rail Franchise Agreements,"Commercial,""Heavy Industry (including Energy, Infrastructure & Transport)""","Industrials,Utilities","Transportation ,Utilities",Transport,"Sustainability policy,Climate governance and compliance processes ",,Commitment to specific standards/ targets,,,,,,,,
Scarlett's Performance Conditions,ESG Based Performance Conditions for Employee Incentive Awards,"Employment (including Share Schemes & Incentives & Pensions),Corporate ",Universal,Universal,People,"Sustainability policy,Directors' obligations/ duties,Climate governance and compliance processes ,Employee training",,"Reducing organisation emissions,Organisational net zero target/ carbon neutral status,Net Zero Transition Plan,Commitment to specific standards/ targets,Interim targets/ continuous reduction of organisational emissions,Offsetting ","""Report to contract parties or related third parties (investors, shareholders, insurers) "",""Other reporting obligations (regulatory, trade practice)"",""Measuring, reducing, reporting Scope 1 emissions"",""Measuring, reducing, reporting Scope 2 emissions "",""Measuring, reducing, reporting Scope 3 emissions "",Report on climate governance and compliance processes,Third party verification",Donation to environmental causes,"Incentive,Disincentive",Renewable energy/ fuels,,,Yes,
Sebastian's Clause ,Entire Business Net Zero Objectives,Universal,Universal,Universal,Law & Legal Structures ,"Sustainability policy,Employee training",,"Organisational net zero target/ carbon neutral status,Net Zero Transition Plan,Commitment to specific standards/ targets,Interim targets/ continuous reduction of organisational emissions","Report on organisation emissions,""Other reporting obligations (regulatory, trade practice)"",Public statement of lobbying activities,Reporting/ disclosing climate-related risks,Third party verification",,,,,Supports,,
Sienna’s Clause,Green Acquisition Obligations,Corporate ,"Universal,Financials ","Universal,Diversified Financials ","Law & Legal Structures ,""Finance, Accounting & Tax""","Directors' obligations/ duties,Climate governance and compliance processes ",Back to back obligations through supply chain,"Reducing organisation emissions,Organisational net zero target/ carbon neutral status,Net Zero Transition Plan,Commitment to specific standards/ targets","""Report to contract parties or related third parties (investors, shareholders, insurers) "",""Measuring, reducing, reporting Scope 1 emissions"",""Measuring, reducing, reporting Scope 2 emissions "",""Measuring, reducing, reporting Scope 3 emissions """,,Disincentive,"Circular economy,Renewable energy/ fuels",Getting climate on the table / into contract terms,,,
Stella & Flora's Clause,Environmental Targets for a Limited Partnership Agreement,"""Finance, Financial Services & Capital Markets""",Financials ,Diversified Financials ,"""Finance, Accounting & Tax""","Sustainability policy,Climate governance and compliance processes ",,Interim targets/ continuous reduction of organisational emissions,"""Report to contract parties or related third parties (investors, shareholders, insurers) "",Report on climate governance and compliance processes",,"Incentive,Disincentive,Dispute resolution frameworks and processes",,Due Diligence ,,,
Suki's Clause,Model Smart Mobility Data Sharing Agreement,"Commercial,""IP, IT, TMT, Life Sciences, Data Protection & Information Law""","Industrials,Information Technology,Communication Services,Utilities,Universal",Transportation ,Law & Legal Structures ,"Sustainability policy,Climate governance and compliance processes ",,,"""Other reporting obligations (regulatory, trade practice)""",,,,,,,
Tala's Clause,Financial Incentives for Sustainability Linked Facilities,,,,,Sustainability policy,,Interim targets/ continuous reduction of organisational emissions,"""Report to contract parties or related third parties (investors, shareholders, insurers) "",""Other reporting obligations (regulatory, trade practice)""",,"Incentive,Disincentive",,,,,
Teddy's Clause,Environmental Threshold Obligations,"Commercial,Supply Chains",Universal,Universal,Law & Legal Structures ,"Sustainability policy,Climate governance and compliance processes ,Employee training","Back to back obligations through supply chain,Interim targets/ continuous reduction of contract emissions ","Reducing organisation emissions,Organisational net zero target/ carbon neutral status,Net Zero Transition Plan,Carbon Budget,Commitment to specific standards/ targets,Interim targets/ continuous reduction of organisational emissions,Offsetting ","Report on contract emissions,""Report to contract parties or related third parties (investors, shareholders, insurers) "",""Other reporting obligations (regulatory, trade practice)"",Public statement of lobbying activities,Third party verification",,,,Getting climate on the table / into contract terms,Supports,Yes,
Tilly's Clause,Checklist of Climate Change Risk Factors for Prospectuses,"""Finance, Financial Services & Capital Markets""",Financials ,Diversified Financials ,"""Finance, Accounting & Tax""",,,,"""Report to contract parties or related third parties (investors, shareholders, insurers) "",""Other reporting obligations (regulatory, trade practice)"",Reporting/ disclosing climate-related risks",,,,,,,
Toby’s Clause,Avoidance of excessive paperwork in Dispute Resolution – including both litigation and arbitration.,Dispute Resolution & Arbitration,Universal,Universal,Law & Legal Structures ,,Offsetting,Reducing organisation emissions,,,Dispute resolution frameworks and processes,"Reducing travel,Circular economy",,,,
Tomas' Clause,CLLS Certificate of Title - Additional Climate Change Disclosures,"""Buildings & Land (including Property, Construction, Environment & Planning)""",Real Estate,Real Estate,"""Human Settlements, Buildings and Infrastructure""",,,,,,,,,,,
Toryn's Clause,Green Assured Shorthold Tenancy ,"""Buildings & Land (including Property, Construction, Environment & Planning)""",Real Estate,Real Estate,"""Human Settlements, Buildings and Infrastructure""",,Obligation to reduce contract emissions,,"""Measuring, reducing, reporting Scope 2 emissions "",Third party verification",,Incentive,"Food waste/ waste generally,Circular economy,Energy efficiency,Water conservation,Renewable energy/ fuels",Getting climate on the table / into contract terms,,,
Tristan’s Clause,Construction Materials: Procurement,"""Buildings & Land (including Property, Construction, Environment & Planning)""","Real Estate,Materials,Industrials","Real Estate,Materials ,Capital Goods","""Human Settlements, Buildings and Infrastructure""",,"Obligation to reduce contract emissions,Offsetting","Reducing organisation emissions,Organisational net zero target/ carbon neutral status,Net Zero Transition Plan,Carbon Budget,Commitment to specific standards/ targets,Interim targets/ continuous reduction of organisational emissions,Offsetting ","Report on contract emissions,""Measuring, reducing, reporting Scope 1 emissions"",""Measuring, reducing, reporting Scope 2 emissions "",Third party verification",,Disincentive,"Reducing travel,Circular economy",,,,
Viola's Clause,Renewable Energy Requirements in Supply Contracts,"Commercial,Corporate ,Public Sector (including Public Law & Local Government),Supply Chains,Universal","Energy ,Utilities,Universal","Energy ,Utilities","Energy,Law & Legal Structures ",,Back to back obligations through supply chain,,,,Termination right,"Circular economy,Renewable energy/ fuels",,,,
William's Clause,Heads of Terms for Collaboration Agreement between Landowners for Environmental Schemes/Projects,"""Buildings & Land (including Property, Construction, Environment & Planning)"",Public Sector (including Public Law & Local Government)",Real Estate,Real Estate,Land Use & Agriculture,,,,,,,Ecological projects ,Getting climate on the table / into contract terms,,,Yes
Zack’s Clause,SPA/Investment Agreement Disclosure of Climate Change Plans,"Corporate ,""Finance, Financial Services & Capital Markets""","Universal,Financials ","Universal,Diversified Financials ","Law & Legal Structures ,""Finance, Accounting & Tax""","Sustainability policy,Climate governance and compliance processes ,Employee training",Offsetting,"Organisational net zero target/ carbon neutral status,Net Zero Transition Plan,Carbon Budget,Interim targets/ continuous reduction of organisational emissions","Reporting/ disclosing climate-related risks,Report on climate governance and compliance processes,Third party verification",,,,"Getting climate on the table / into contract terms,Due Diligence ",,,
Zain’s Clause,Carbon Change Rights- Carbon Footprint Reduction - Mutual Notification Right (Carbon Footprint Reduction Notice),"Commercial,Supply Chains",Universal,Universal,Law & Legal Structures ,,Obligation to reduce contract emissions,,"""Measuring, reducing, reporting Scope 1 emissions"",""Measuring, reducing, reporting Scope 2 emissions "",""Measuring, reducing, reporting Scope 3 emissions """,,Termination right,,,Problematic,,
Zoë and Bea’s Clause,Green Supply Agreement Clauses,"Commercial,Corporate ,Public Sector (including Public Law & Local Government),Supply Chains",Universal,Universal,Law & Legal Structures ,Employee training,"Contract net zero target,Back to back obligations through supply chain,Obligation to reduce contract emissions,Interim targets/ continuous reduction of contract emissions ","Reducing organisation emissions,Organisational net zero target/ carbon neutral status,Commitment to specific standards/ targets","Report on contract emissions,Report on organisation emissions,""Report to contract parties or related third parties (investors, shareholders, insurers) "",""Other reporting obligations (regulatory, trade practice)"",""Measuring, reducing, reporting Scope 1 emissions"",""Measuring, reducing, reporting Scope 2 emissions "",""Measuring, reducing, reporting Scope 3 emissions "",Public statement of lobbying activities,Third party verification",,,,Getting climate on the table / into contract terms,Supports,Yes,